<?xml version="1.0" encoding="UTF-8"?>
<project-private xmlns="http://www.netbeans.org/ns/project-private/1">
    <editor-bookmarks xmlns="http://www.netbeans.org/ns/editor-bookmarks/2" lastBookmarkId="0"/>
    <open-files xmlns="http://www.netbeans.org/ns/projectui-open-files/2">
        <group>
            <file>file:/D:/ECE372/ECE372_Lab0/timer.h</file>
            <file>file:/D:/ECE372/ECE372_Lab0/main.c</file>
            <file>file:/D:/ECE372/ECE372_Lab0/interrupt.c</file>
            <file>file:/D:/ECE372/ECE372_Lab0/led.h</file>
            <file>file:/D:/ECE372/ECE372_Lab0/config.h</file>
            <file>file:/D:/ECE372/ECE372_Lab0/nbproject/Makefile-default.mk</file>
            <file>file:/D:/ECE372/ECE372_Lab0/led.c</file>
            <file>file:/D:/ECE372/ECE372_Lab0/nbproject/Makefile-impl.mk</file>
            <file>file:/D:/ECE372/ECE372_Lab0/timer.c</file>
            <file>file:/D:/ECE372/ECE372_Lab0/switch.h</file>
            <file>file:/D:/ECE372/ECE372_Lab0/interrupt.h</file>
            <file>file:/D:/ECE372/ECE372_Lab0/switch.c</file>
        </group>
    </open-files>
</project-private>
